iter	RMSE
0	35.73197443
1	33.42248706
2	31.93306486
3	31.28747393
4	30.89654805
5	30.51558078
6	30.31599895
7	30.18549828
8	30.08307138
9	29.91598636
