iter	RMSE
0	46.71114706
1	44.552916
2	42.89622521
3	41.67687888
4	40.85069314
5	40.19222783
6	39.65249445
7	39.22470968
8	38.90875269
9	38.68245475
10	38.50386725
11	38.38151834
12	38.26805454
13	38.1656362
14	38.0583822
15	37.9756811
16	37.87354736
17	37.80467574
18	37.6892577
19	37.62148724
