iter	RMSE
0	46.82936203
1	44.76282619
2	43.33937007
3	42.18850492
4	41.26817905
5	40.55717133
6	40.03691776
7	39.62842558
8	39.35478799
9	39.10982412
10	38.93803226
11	38.73828769
12	38.61339869
13	38.49751021
14	38.3886253
15	38.29677872
16	38.20897245
17	38.12711966
18	38.06706723
19	38.0117189
