iter	RMSE
0	43.35668208
1	40.74866194
2	39.53829727
3	39.06258292
4	38.67108848
5	38.42265108
6	38.25455412
7	38.11189138
8	37.96013403
9	37.82866007
